driverId,driverRef,number,code,surname,dob,nationality
1,hamilton,44,HAM,Hamilton,1985-01-07,British
2,heidfeld,NULL,HEI,Heidfeld,1977-05-10,German
3,rosberg,6,ROS,Rosberg,1985-06-27,German
4,alonso,14,ALO,Alonso,1981-07-29,Spanish
5,kovalainen,NULL,KOV,Kovalainen,1981-10-19,Finnish
6,nakajima,NULL,NAK,Nakajima,1985-01-11,Japanese
7,bourdais,NULL,BOU,Bourdais,1979-02-28,French
8,raikkonen,7,RAI,Raikkonen,1979-10-17,Finnish
9,kubica,88,KUB,Kubica,1984-12-07,Polish
10,glock,NULL,GLO,Glock,1982-03-18,German
11,sato,NULL,SAT,Sato,1977-01-28,Japanese
12,piquet_jr,NULL,PIQ,Piquet Jr,1985-07-25,Brazilian
13,massa,19,MAS,Massa,1981-04-25,Brazilian
14,coulthard,NULL,COU,Coulthard,1971-03-27,British
15,trulli,NULL,TRU,Trulli,1974-07-13,Italian
16,sutil,99,SUT,Sutil,1983-01-11,German
17,webber,NULL,WEB,Webber,1976-08-27,Australian
18,button,22,BUT,Button,1980-01-19,British
19,davidson,NULL,DAV,Davidson,1979-04-18,British
20,vettel,5,VET,Vettel,1987-07-03,German
21,fisichella,NULL,FIS,Fisichella,1973-01-14,Italian
22,barrichello,NULL,BAR,Barrichello,1972-05-23,Brazilian
23,ralf_schumacher,NULL,SCH,Schumacher,1975-06-30,German
24,liuzzi,NULL,LIU,Liuzzi,1980-08-06,Italian
25,wurz,NULL,WUR,Wurz,1974-02-15,Austrian
26,speed,NULL,SPE,Speed,1983-01-24,American
27,albers,NULL,ALB,Albers,1979-04-16,Dutch
28,markus_winkelhock,NULL,WIN,Winkelhock,1980-06-13,German
29,yamamoto,NULL,YAM,Yamamoto,1982-07-09,Japanese
30,michael_schumacher,NULL,MSC,Schumacher,1969-01-03,German
31,montoya,NULL,MON,Pablo Montoya,1975-09-20,Colombian
32,klien,NULL,KLI,Klien,1983-02-07,Austrian
33,monteiro,NULL,TMO,Monteiro,1976-07-24,Portuguese
34,ide,NULL,IDE,Ide,1975-01-21,Japanese
35,villeneuve,NULL,VIL,Villeneuve,1971-04-09,Canadian
36,montagny,NULL,FMO,Montagny,1978-01-05,French
37,rosa,NULL,DLR,de la Rosa,1971-02-24,Spanish
38,doornbos,NULL,DOO,Doornbos,1981-09-23,Dutch
39,karthikeyan,NULL,KAR,Karthikeyan,1977-01-14,Indian
40,friesacher,NULL,FRI,Friesacher,1980-09-26,Austrian
41,zonta,NULL,ZON,Zonta,1976-03-23,Brazilian
42,pizzonia,NULL,PIZ,Pizzonia,1980-09-11,Brazilian
43,matta,NULL,NULL,da Matta,1973-09-19,Brazilian
44,panis,NULL,NULL,Panis,1966-09-02,French
45,pantano,NULL,NULL,Pantano,1979-02-04,Italian
46,bruni,NULL,NULL,Bruni,1981-05-30,Italian
47,baumgartner,NULL,NULL,Baumgartner,1981-01-01,Hungarian
48,gene,NULL,NULL,Gene,1974-03-29,Spanish
49,frentzen,NULL,NULL,Frentzen,1967-05-18,German
50,verstappen,NULL,NULL,Verstappen,1972-03-04,Dutch
51,wilson,NULL,NULL,Wilson,1978-07-31,British
52,firman,NULL,NULL,Firman,1975-05-20,Irish
53,kiesa,NULL,NULL,Kiesa,1978-03-03,Danish
54,burti,NULL,NULL,Burti,1975-03-05,Brazilian
55,alesi,NULL,NULL,Alesi,1964-06-11,French
56,irvine,NULL,NULL,Irvine,1965-11-10,British
57,hakkinen,NULL,NULL,Hakkinen,1968-09-28,Finnish
58,marques,NULL,NULL,Marques,1976-01-19,Brazilian
59,bernoldi,NULL,NULL,Bernoldi,1978-10-19,Brazilian
60,mazzacane,NULL,NULL,Mazzacane,1975-05-08,Argentine
61,enge,NULL,NULL,Enge,1976-09-11,Czech
62,yoong,NULL,NULL,Yoong,1976-07-20,Malaysian
63,salo,NULL,NULL,Salo,1966-11-30,Finnish
64,diniz,NULL,NULL,Diniz,1970-05-22,Brazilian
65,herbert,NULL,NULL,Herbert,1964-06-25,British
66,mcnish,NULL,NULL,McNish,1969-12-29,British
67,buemi,NULL,BUE,Buemi,1988-10-31,Swiss
68,takagi,NULL,NULL,Takagi,1974-02-12,Japanese
69,badoer,NULL,BAD,Badoer,1971-01-25,Italian
70,zanardi,NULL,NULL,Zanardi,1966-10-23,Italian
71,damon_hill,NULL,NULL,Hill,1960-09-17,British
72,sarrazin,NULL,NULL,Sarrazin,1975-11-02,French
73,rosset,NULL,NULL,Rosset,1968-07-27,Brazilian
74,tuero,NULL,NULL,Tuero,1978-04-22,Argentine
75,nakano,NULL,NULL,Nakano,1971-04-01,Japanese
76,magnussen,NULL,MAG,Magnussen,1973-07-04,Danish
77,berger,NULL,NULL,Berger,1959-08-27,Austrian
78,larini,NULL,NULL,Larini,1964-03-19,Italian
79,katayama,NULL,NULL,Katayama,1963-05-29,Japanese
80,sospiri,NULL,NULL,Sospiri,1966-10-07,Italian
81,morbidelli,NULL,NULL,Morbidelli,1968-01-13,Italian
82,fontana,NULL,NULL,Fontana,1975-01-20,Argentine
83,lamy,NULL,NULL,Lamy,1972-03-20,Portuguese
84,brundle,NULL,NULL,Brundle,1959-06-01,British
85,montermini,NULL,NULL,Montermini,1964-05-30,Italian
86,lavaggi,NULL,NULL,Lavaggi,1958-02-18,Italian
87,blundell,NULL,NULL,Blundell,1966-04-08,British
88,suzuki,NULL,NULL,Suzuki,1960-09-08,Japanese
89,inoue,NULL,NULL,Inoue,1963-09-05,Japanese
90,moreno,NULL,NULL,Moreno,1959-02-11,Brazilian
91,wendlinger,NULL,NULL,Wendlinger,1968-12-20,Austrian
92,gachot,NULL,NULL,Gachot,1962-12-23,Belgian
93,schiattarella,NULL,NULL,Schiattarella,1967-11-17,Italian
94,martini,NULL,NULL,Martini,1961-04-23,Italian
95,mansell,NULL,NULL,Mansell,1953-08-08,British
96,boullion,NULL,NULL,Boullion,1969-12-27,French
97,papis,NULL,NULL,Papis,1969-10-03,Italian
98,deletraz,NULL,NULL,Deletraz,1963-10-01,Swiss
99,tarquini,NULL,NULL,Tarquini,1962-03-02,Italian
100,comas,NULL,NULL,Comas,1963-09-28,French
101,brabham,NULL,NULL,Brabham,1965-09-05,Australian
102,senna,NULL,NULL,Senna,1960-03-21,Brazilian
103,bernard,NULL,NULL,Bernard,1964-08-24,French
104,fittipaldi,NULL,NULL,Fittipaldi,1971-01-18,Brazilian
105,alboreto,NULL,NULL,Alboreto,1956-12-23,Italian
106,beretta,NULL,NULL,Beretta,1969-11-23,Monegasque
107,ratzenberger,NULL,NULL,Ratzenberger,1960-07-04,Austrian
108,belmondo,NULL,NULL,Belmondo,1963-04-23,French
109,lehto,NULL,NULL,Jarvilehto,1966-01-31,Finnish
110,cesaris,NULL,NULL,de Cesaris,1959-05-31,Italian
111,gounon,NULL,NULL,Gounon,1963-01-01,French
112,alliot,NULL,NULL,Alliot,1954-07-27,French
113,adams,NULL,NULL,Adams,1969-11-19,Belgian
114,dalmas,NULL,NULL,Dalmas,1961-07-28,French
115,noda,NULL,NULL,Noda,1969-03-07,Japanese
116,lagorce,NULL,NULL,Lagorce,1968-09-01,French
117,prost,NULL,NULL,Prost,1955-02-24,French
118,warwick,NULL,NULL,Warwick,1954-08-27,British
119,patrese,NULL,NULL,Patrese,1954-04-17,Italian
120,barbazza,NULL,NULL,Barbazza,1963-04-02,Italian
121,andretti,NULL,NULL,Andretti,1962-10-05,American
122,capelli,NULL,NULL,Capelli,1963-05-24,Italian
123,boutsen,NULL,NULL,Boutsen,1957-07-13,Belgian
124,apicella,NULL,NULL,Apicella,1965-10-07,Italian
125,naspetti,NULL,NULL,Naspetti,1968-02-24,Italian
126,toshio_suzuki,NULL,NULL,Suzuki,1955-03-10,Japanese
127,gugelmin,NULL,NULL,Gugelmin,1963-04-20,Brazilian
128,poele,NULL,NULL,van de Poele,1961-09-30,Belgian
129,grouillard,NULL,NULL,Grouillard,1958-09-02,French
130,chiesa,NULL,NULL,Chiesa,1964-05-06,Swiss
131,modena,NULL,NULL,Modena,1963-05-12,Italian
132,amati,NULL,NULL,Amati,1959-07-20,Italian
133,caffi,NULL,NULL,Caffi,1964-03-18,Italian
134,bertaggia,NULL,NULL,Bertaggia,1964-09-19,Italian
135,mccarthy,NULL,NULL,McCarthy,1961-03-03,British
136,lammers,NULL,NULL,Lammers,1956-06-02,Dutch
137,piquet,NULL,NULL,Piquet,1952-08-17,Brazilian
138,satoru_nakajima,NULL,NULL,Nakajima,1953-02-23,Japanese
139,pirro,NULL,NULL,Pirro,1962-01-12,Italian
140,johansson,NULL,NULL,Johansson,1956-09-08,Swedish
141,bailey,NULL,NULL,Bailey,1961-10-09,British
142,chaves,NULL,NULL,Chaves,1965-02-27,Portuguese
143,bartels,NULL,NULL,Bartels,1968-03-08,German
144,hattori,NULL,NULL,Hattori,1966-06-13,Japanese
145,nannini,NULL,NULL,Nannini,1959-07-07,Italian
146,schneider,NULL,NULL,Schneider,1964-07-20,German
147,barilla,NULL,NULL,Barilla,1961-04-20,Italian
148,foitek,NULL,NULL,Foitek,1965-03-27,Swiss
149,langes,NULL,NULL,Langes,1960-07-20,Italian
150,gary_brabham,NULL,NULL,Brabham,1961-03-29,Australian
151,donnelly,NULL,NULL,Donnelly,1964-03-26,British
152,giacomelli,NULL,NULL,Giacomelli,1952-09-10,Italian
153,alguersuari,NULL,ALG,Alguersuari,1990-03-23,Spanish
154,grosjean,8,GRO,Grosjean,1986-04-17,French
155,kobayashi,10,KOB,Kobayashi,1986-09-13,Japanese
156,palmer,NULL,NULL,Palmer,1956-11-07,British
157,danner,NULL,NULL,Danner,1958-04-04,German
158,cheever,NULL,NULL,Cheever,1958-01-10,American
159,sala,NULL,NULL,Perez-Sala,1959-05-15,Spanish
160,ghinzani,NULL,NULL,Ghinzani,1952-01-16,Italian
161,weidler,NULL,NULL,Weidler,1962-03-18,German
162,raphanel,NULL,NULL,Raphanel,1961-05-27,French
163,arnoux,NULL,NULL,Arnoux,1948-07-04,French
164,joachim_winkelhock,NULL,NULL,Winkelhock,1960-10-24,German
165,larrauri,NULL,NULL,Larrauri,1954-08-19,Argentine
166,streiff,NULL,NULL,Streiff,1955-06-26,French
167,campos,NULL,NULL,Campos,1960-06-17,Spanish
168,schlesser,NULL,NULL,Schlesser,1948-09-12,French
169,fabre,NULL,NULL,Fabre,1960-01-09,French
170,fabi,NULL,NULL,Fabi,1955-03-09,Italian
171,forini,NULL,NULL,Forini,1958-09-22,Swiss
172,laffite,NULL,NULL,Laffite,1943-11-21,French
173,angelis,NULL,NULL,de Angelis,1958-03-26,Italian
174,dumfries,NULL,NULL,Dumfries,1958-04-26,British
175,tambay,NULL,NULL,Tambay,1949-06-25,French
176,surer,NULL,NULL,Surer,1951-09-18,Swiss
177,keke_rosberg,NULL,NULL,Rosberg,1948-12-06,Finnish
178,jones,NULL,NULL,Jones,1946-11-02,Australian
179,rothengatter,NULL,NULL,Rothengatter,1954-10-08,Dutch
180,berg,NULL,NULL,Berg,1961-08-01,Canadian
181,manfred_winkelhock,NULL,NULL,Winkelhock,1951-10-06,German
182,lauda,NULL,NULL,Lauda,1949-02-22,Austrian
183,hesnault,NULL,NULL,Hesnault,1956-12-30,French
184,baldi,NULL,NULL,Baldi,1954-01-31,Italian
185,bellof,NULL,NULL,Bellof,1957-11-20,German
186,acheson,NULL,NULL,Acheson,1957-11-27,British
187,watson,NULL,NULL,Watson,1946-05-04,British
188,cecotto,NULL,NULL,Cecotto,1956-01-25,Venezuelan
189,gartner,NULL,NULL,Gartner,1954-01-24,Austrian
190,corrado_fabi,NULL,NULL,Fabi,1961-04-12,Italian
191,thackwell,NULL,NULL,Thackwell,1961-03-30,New Zealander
192,serra,NULL,NULL,Serra,1957-02-03,Brazilian
193,sullivan,NULL,NULL,Sullivan,1950-03-09,American
194,salazar,NULL,NULL,Salazar,1954-11-14,Chilean
195,guerrero,NULL,NULL,Guerrero,1958-11-16,Colombian
196,boesel,NULL,NULL,Boesel,1957-12-04,Brazilian
197,jarier,NULL,NULL,Jarier,1946-07-10,French
198,villeneuve_sr,NULL,NULL,Villeneuve Sr,1953-11-04,Canadian
199,reutemann,NULL,NULL,Reutemann,1942-04-12,Argentine
200,mass,NULL,NULL,Mass,1946-09-30,German
201,borgudd,NULL,NULL,Borgudd,1946-11-25,Swedish
202,pironi,NULL,NULL,Pironi,1952-03-26,French
203,gilles_villeneuve,NULL,NULL,Villeneuve,1950-01-18,Canadian
204,paletti,NULL,NULL,Paletti,1958-06-15,Italian
205,henton,NULL,NULL,Henton,1946-09-19,British
206,daly,NULL,NULL,Daly,1953-03-11,Irish
207,mario_andretti,NULL,NULL,Andretti,1940-02-28,American
208,villota,NULL,NULL,de Villota,1946-07-26,Spanish
209,lees,NULL,NULL,Lees,1951-05-01,British
210,byrne,NULL,NULL,Byrne,1958-05-06,Irish
211,keegan,NULL,NULL,Keegan,1955-02-26,British
212,rebaque,NULL,NULL,Rebaque,1956-02-05,Mexican
213,gabbiani,NULL,NULL,Gabbiani,1957-01-02,Italian
214,cogan,NULL,NULL,Cogan,1956-03-31,American
215,guerra,NULL,NULL,Guerra,1953-08-31,Argentine
216,stohr,NULL,NULL,Stohr,1952-10-10,Italian
217,zunino,NULL,NULL,Zunino,1949-04-13,Argentine
218,londono,NULL,NULL,Londono,1949-08-08,Colombian
219,jabouille,NULL,NULL,Jabouille,1942-10-01,French
220,francia,NULL,NULL,Francia,1947-11-08,Italian
221,depailler,NULL,NULL,Depailler,1944-08-09,French
222,scheckter,NULL,NULL,Scheckter,1950-01-29,South African
223,regazzoni,NULL,NULL,Regazzoni,1939-09-05,Swiss
224,emerson_fittipaldi,NULL,NULL,Fittipaldi,1946-12-12,Brazilian
225,kennedy,NULL,NULL,Kennedy,1953-01-15,Irish
226,south,NULL,NULL,South,1952-02-19,British
227,needell,NULL,NULL,Needell,1951-10-29,British
228,desire_wilson,NULL,NULL,Wilson,1953-11-26,South African
229,ertl,NULL,NULL,Ertl,1948-08-31,Austrian
230,brambilla,NULL,NULL,Brambilla,1937-11-11,Italian
231,hunt,NULL,NULL,Hunt,1947-08-29,British
232,merzario,NULL,NULL,Merzario,1943-03-11,Italian
233,stuck,NULL,NULL,Stuck,1951-01-01,German
234,brancatelli,NULL,NULL,Brancatelli,1950-01-18,Italian
235,ickx,NULL,NULL,Ickx,1945-01-01,Belgian
236,gaillard,NULL,NULL,Gaillard,1952-02-12,French
237,ribeiro,NULL,NULL,Ribeiro,1948-11-07,Brazilian
238,peterson,NULL,NULL,Peterson,1944-02-14,Swedish
239,lunger,NULL,NULL,Lunger,1945-11-14,American
240,ongais,NULL,NULL,Ongais,1942-05-21,American
241,leoni,NULL,NULL,Leoni,1953-05-24,Italian
242,galica,NULL,NULL,Galica,1944-08-13,British
243,stommelen,NULL,NULL,Stommelen,1943-07-11,German
244,colombo,NULL,NULL,Colombo,1946-02-23,Italian
245,trimmer,NULL,NULL,Trimmer,1943-01-24,British
246,binder,NULL,NULL,Binder,1948-06-12,Austrian
247,bleekemolen,NULL,NULL,Bleekemolen,1949-10-02,Dutch
248,gimax,NULL,NULL,Franchi,1938-01-01,Italian
249,rahal,NULL,NULL,Rahal,1953-01-10,American
250,pace,NULL,NULL,Pace,1944-10-06,Brazilian
251,ian_scheckter,NULL,NULL,Scheckter,1947-08-22,South African
252,pryce,NULL,NULL,Pryce,1949-06-11,British
253,hoffmann,NULL,NULL,Hoffmann,1953-02-28,Brazilian
254,zorzi,NULL,NULL,Zorzi,1946-12-12,Italian
255,nilsson,NULL,NULL,Nilsson,1948-11-20,Swedish
256,perkins,NULL,NULL,Perkins,1950-03-18,Australian
257,hayje,NULL,NULL,Lunger,1949-05-03,Dutch
258,neve,NULL,NULL,Neve,1949-10-13,Belgian
259,purley,NULL,NULL,Purley,1945-01-26,British
260,andersson,NULL,NULL,Andersson,1939-12-28,Swedish
261,dryver,NULL,NULL,de Dryver,1952-09-19,Belgian
262,oliver,NULL,NULL,Oliver,1942-08-14,British
263,kozarowitzky,NULL,NULL,Kozarowitzky,1948-05-17,Finnish
264,sutcliffe,NULL,NULL,Sutcliffe,1947-05-09,British
265,edwards,NULL,NULL,Edwards,1942-12-30,British
266,mcguire,NULL,NULL,McGuire,1945-12-13,Australian
267,schuppan,NULL,NULL,Schuppan,1943-03-19,Australian
268,heyer,NULL,NULL,Heyer,1943-03-16,German
269,pilette,NULL,NULL,Pilette,1942-07-26,Belgian
270,ashley,NULL,NULL,Ashley,1947-10-26,British
271,kessel,NULL,NULL,Kessel,1950-04-01,Swiss
272,takahashi,NULL,NULL,Takahashi,1940-01-29,Japanese
273,hoshino,NULL,NULL,Hoshino,1947-07-01,Japanese
274,takahara,NULL,NULL,Takahara,1951-06-06,Japanese
275,lombardi,NULL,NULL,Lombardi,1941-03-26,Italian
276,evans,NULL,NULL,Evans,1947-06-11,British
277,leclere,NULL,NULL,Leclere,1946-03-18,French
278,amon,NULL,NULL,Amon,1943-07-20,New Zealander
279,zapico,NULL,NULL,Zapico,1944-05-27,Spanish
280,pescarolo,NULL,NULL,Pescarolo,1942-09-25,French
281,nelleman,NULL,NULL,Nelleman,1944-04-19,Danish
282,magee,NULL,NULL,Magee,1945-11-17,British
283,wilds,NULL,NULL,Wilds,1946-01-07,British
284,pesenti_rossi,NULL,NULL,Pesenti-Rossi,1942-08-31,Italian
285,stuppacher,NULL,NULL,Stuppacher,1947-03-03,Austrian
286,brown,NULL,NULL,Brown,1949-12-24,Australian
287,hasemi,NULL,NULL,Hasemi,1945-11-13,Japanese
288,donohue,NULL,NULL,Donohue,1937-03-18,American
289,hill,NULL,NULL,Hill,1929-02-15,British
290,wilson_fittipaldi,NULL,NULL,Fittipaldi,1943-12-25,Brazilian
291,tunmer,NULL,NULL,Tunmer,1948-12-01,South African
292,keizan,NULL,NULL,Keizan,1944-09-12,South African
293,charlton,NULL,NULL,Charlton,1936-10-27,South African
294,brise,NULL,NULL,Brise,1952-03-28,British
295,wunderink,NULL,NULL,Wunderink,1948-12-12,Dutch
296,migault,NULL,NULL,Migault,1944-12-04,French
297,palm,NULL,NULL,Palm,1947-07-23,Swedish
298,lennep,NULL,NULL,van Lennep,1942-03-16,Dutch
299,fushida,NULL,NULL,Fushida,1946-03-10,Japanese
300,nicholson,NULL,NULL,Nicholson,1941-10-06,New Zealander
301,morgan,NULL,NULL,Morgan,1944-08-07,British
302,crawford,NULL,NULL,Crawford,1948-02-13,British
303,vonlanthen,NULL,NULL,Vonlanthen,1942-05-31,Swiss
304,hulme,NULL,NULL,Hulme,1936-06-18,New Zealander
305,hailwood,NULL,NULL,Hailwood,1940-04-02,British
306,beltoise,NULL,NULL,Beltoise,1937-04-26,French
307,ganley,NULL,NULL,Ganley,1941-12-24,New Zealander
308,robarts,NULL,NULL,Robarts,1944-09-22,British
309,revson,NULL,NULL,Revson,1939-02-27,American
310,driver,NULL,NULL,Driver,1934-05-13,South African
311,belso,NULL,NULL,Belso,1942-08-27,Danish
312,redman,NULL,NULL,Redman,1937-03-09,British
313,opel,NULL,NULL,von Opel,1947-10-14,Liechtensteiner
314,schenken,NULL,NULL,Schenken,1943-09-26,Australian
315,larrousse,NULL,NULL,Larrousse,1940-05-23,French
316,kinnunen,NULL,NULL,Kinnunen,1943-08-05,Finnish
317,wisell,NULL,NULL,Wisell,1941-09-30,Swedish
318,roos,NULL,NULL,Roos,1943-10-12,Swedish
319,dolhem,NULL,NULL,Dolhem,1944-04-26,French
320,gethin,NULL,NULL,Gethin,1940-02-21,British
321,bell,NULL,NULL,Bell,1941-10-31,British
322,hobbs,NULL,NULL,Hobbs,1939-06-09,British
323,quester,NULL,NULL,Quester,1939-05-30,Austrian
324,koinigg,NULL,NULL,Koinigg,1948-11-03,Austrian
325,facetti,NULL,NULL,Facetti,1935-06-26,Italian
326,wietzes,NULL,NULL,Wietzes,1938-05-28,Canadian
327,cevert,NULL,NULL,Cevert,1944-02-25,French
328,stewart,NULL,NULL,Stewart,1939-06-11,British
329,beuttler,NULL,NULL,Beuttler,1940-04-13,British
330,galli,NULL,NULL,Galli,1940-10-02,Italian
331,bueno,NULL,NULL,Bueno,1937-01-16,Brazilian
332,follmer,NULL,NULL,Follmer,1934-01-27,American
333,adamich,NULL,NULL,de Adamich,1941-10-03,Italian
334,pretorius,NULL,NULL,Pretorius,1934-11-22,South African
335,williamson,NULL,NULL,Williamson,1948-02-02,British
336,mcrae,NULL,NULL,McRae,1940-03-05,New Zealander
337,marko,NULL,NULL,Marko,1943-04-27,Austrian
338,walker,NULL,NULL,Walker,1941-06-10,Australian
339,roig,NULL,NULL,Soler-Roig,1932-10-29,Spanish
340,love,NULL,NULL,Love,1924-12-07,Rhodesian
341,surtees,NULL,NULL,Surtees,1934-02-11,British
342,barber,NULL,NULL,Barber,1936-11-16,American
343,brack,NULL,NULL,Brack,1935-12-26,Canadian
344,posey,NULL,NULL,Posey,1944-05-26,American
345,rodriguez,NULL,NULL,Rodriguez,1940-01-18,Mexican
346,siffert,NULL,NULL,Siffert,1936-07-07,Swiss
347,bonnier,NULL,NULL,Bonnier,1930-01-31,Swedish
348,mazet,NULL,NULL,Mazet,1943-02-24,French
349,jean,NULL,NULL,Jean,1943-07-27,French
350,elford,NULL,NULL,Elford,1935-06-10,British
351,moser,NULL,NULL,Moser,1941-04-24,Swiss
352,eaton,NULL,NULL,Eaton,1945-11-12,Canadian
353,lovely,NULL,NULL,Lovely,1926-04-11,American
354,craft,NULL,NULL,Craft,1939-11-17,British
355,Cannoc,NULL,NULL,Cannon,1933-06-21,Canadian
356,jack_brabham,NULL,NULL,Brabham,1926-04-02,Australian
357,miles,NULL,NULL,Miles,1943-06-14,British
358,rindt,NULL,NULL,Rindt,1942-04-18,Austrian
359,gavin,NULL,NULL,Servoz-Gavin,1942-01-18,French
360,mclaren,NULL,NULL,McLaren,1937-08-30,New Zealander
361,courage,NULL,NULL,Courage,1942-05-27,British
362,klerk,NULL,NULL,de Klerk,1935-03-16,South African
363,giunti,NULL,NULL,Giunti,1941-08-30,Italian
364,gurney,NULL,NULL,Gurney,1931-04-13,American
365,hahne,NULL,NULL,Hahne,1935-03-28,German
366,hutchison,NULL,NULL,Hutchison,1937-04-26,American
367,westbury,NULL,NULL,Westbury,1938-05-26,British
368,tingle,NULL,NULL,Tingle,1921-08-24,Rhodesian
369,rooyen,NULL,NULL,van Rooyen,1939-04-19,South African
370,attwood,NULL,NULL,Attwood,1940-04-04,British
371,pease,NULL,NULL,Pease,1921-10-15,Canadian
372,cordts,NULL,NULL,Cordts,1935-07-23,Canadian
373,clark,NULL,NULL,Clark,1936-03-04,British
374,spence,NULL,NULL,Spence,1936-12-30,British
375,scarfiotti,NULL,NULL,Scarfiotti,1933-10-18,Italian
376,bianchi,NULL,BIA,Bianchi,1934-11-10,Belgian
377,jo_schlesser,NULL,NULL,Schlesser,1928-05-18,French
378,widdows,NULL,NULL,Widdows,1942-05-27,British
379,ahrens,NULL,NULL,Ahrens,1940-04-19,German
380,gardner,NULL,NULL,Gardner,1930-10-01,Australian
381,unser,NULL,NULL,Unser,1934-02-20,American
382,solana,NULL,NULL,Solana,1935-12-26,Mexican
383,anderson,NULL,NULL,Anderson,1931-05-19,British
384,botha,NULL,NULL,Botha,1930-01-16,South African
385,bandini,NULL,NULL,Bandini,1935-12-21,Italian
386,ginther,NULL,NULL,Ginther,1930-08-05,American
387,parkes,NULL,NULL,Parkes,1931-09-24,British
388,irwin,NULL,NULL,Irwin,1942-06-27,British
389,ligier,NULL,NULL,Ligier,1930-07-12,French
390,rees,NULL,NULL,Rees,1938-01-12,British
391,hart,NULL,NULL,Hart,1936-09-07,British
392,fisher,NULL,NULL,Fisher,1943-03-13,American
393,tom_jones,NULL,NULL,Jones,1943-04-26,American
394,baghetti,NULL,NULL,Baghetti,1934-12-25,Italian
395,williams,NULL,NULL,Williams,1942-10-26,British
396,bondurant,NULL,NULL,Bondurant,1933-04-27,American
397,arundell,NULL,NULL,Arundell,1933-11-08,British
398,vic_wilson,NULL,NULL,Wilson,1931-04-14,British
399,taylor,NULL,NULL,Taylor,1933-03-23,British
400,lawrence,NULL,NULL,Lawrence,1933-07-27,British
401,trevor_taylor,NULL,NULL,Taylor,1936-12-26,British
402,geki,NULL,NULL,Russo,1937-10-23,Italian
403,phil_hill,NULL,NULL,Hill,1927-04-20,American
404,ireland,NULL,NULL,Ireland,1930-06-12,British
405,bucknum,NULL,NULL,Bucknum,1936-04-05,American
406,hawkins,NULL,NULL,Hawkins,1937-10-12,Australian
407,prophet,NULL,NULL,Prophet,1937-10-09,British
408,maggs,NULL,NULL,Maggs,1937-02-09,South African
409,blokdyk,NULL,NULL,Blokdyk,1935-11-30,South African
410,lederle,NULL,NULL,Lederle,1938-09-25,South African
411,serrurier,NULL,NULL,Serrurier,1920-12-09,South African
412,niemann,NULL,NULL,Niemann,1939-01-07,South African
413,pieterse,NULL,NULL,Pieterse,1938-07-04,South African
414,puzey,NULL,NULL,Puzey,1941-07-11,Rhodesian
415,reed,NULL,NULL,Reed,1932-04-30,South African
416,clapham,NULL,NULL,Clapham,1931-05-18,South African
417,blignaut,NULL,NULL,Blignaut,1932-11-30,South African
418,gregory,NULL,NULL,Gregory,1932-02-29,American
419,rhodes,NULL,NULL,Rhodes,1927-08-18,British
420,raby,NULL,NULL,Raby,1921-09-22,British
421,rollinson,NULL,NULL,Rollinson,1943-05-15,British
422,gubby,NULL,NULL,Gubby,1934-04-17,British
423,mitter,NULL,NULL,Mitter,1935-08-30,German
424,bussinello,NULL,NULL,Bussinello,1927-10-04,Italian
425,vaccarella,NULL,NULL,Vaccarella,1933-03-04,Italian
426,bassi,NULL,NULL,Bassi,1934-01-20,Italian
427,trintignant,NULL,NULL,Trintignant,1917-10-30,French
428,collomb,NULL,NULL,Collomb,1930-10-07,French
429,andre_pilette,NULL,NULL,Pilette,1918-10-06,Belgian
430,beaufort,NULL,NULL,de Beaufort,1934-04-10,Dutch
431,barth,NULL,NULL,Barth,1917-01-26,German
432,cabral,NULL,NULL,Cabral,1934-01-15,Portuguese
433,hansgen,NULL,NULL,Hansgen,1919-10-28,American
434,sharp,NULL,NULL,Sharp,1928-01-01,American
435,mairesse,NULL,NULL,Mairesse,1928-10-01,Belgian
436,campbell_jones,NULL,NULL,Campbell-Jones,1930-01-21,British
437,burgess,NULL,NULL,Burgess,1930-07-06,British
438,settember,NULL,NULL,Settember,1926-07-10,American
439,estefano,NULL,NULL,Estefano,1932-11-18,Argentine
440,hall,NULL,NULL,Hall,1935-07-23,American
441,parnell,NULL,NULL,Parnell,1932-06-25,British
442,kuhnke,NULL,NULL,Kuhnke,1910-04-30,German
443,ernesto_brambilla,NULL,NULL,Brambilla,1934-01-31,Italian
444,lippi,NULL,NULL,Lippi,1926-10-17,Italian
445,seiffert,NULL,NULL,Seiffert,1937-10-18,German
446,abate,NULL,NULL,Abate,1932-07-10,Italian
447,starrabba,NULL,NULL,Starrabba,1932-12-03,Italian
448,broeker,NULL,NULL,Broeker,1926-05-15,Canadian
449,ward,NULL,NULL,Ward,1921-01-10,American
450,vos,NULL,NULL,de Vos,1941-07-01,Dutch
451,dochnal,NULL,NULL,Dochnal,1920-10-08,American
452,monarch,NULL,NULL,Monarch,1945-09-03,American
842,gasly,10,GAS,Gasly,1996-02-07,French
453,lewis,NULL,NULL,Lewis,1936-11-01,British
454,ricardo_rodriguez,NULL,NULL,Rodriguez,1942-02-14,Mexican
455,seidel,NULL,NULL,Seidel,1926-07-04,German
456,salvadori,NULL,NULL,Salvadori,1922-05-12,British
457,pon,NULL,NULL,Pon,1936-12-09,Dutch
458,slotemaker,NULL,NULL,Slotemaker,1929-06-13,Dutch
459,marsh,NULL,NULL,Marsh,1931-07-20,British
460,ashmore,NULL,NULL,Ashmore,1936-07-25,British
461,schiller,NULL,NULL,Schiller,1930-01-25,Swiss
462,davis,NULL,NULL,Davis,1933-07-29,British
463,chamberlain,NULL,NULL,Chamberlain,1925-12-29,American
464,shelly,NULL,NULL,Shelly,1937-02-02,New Zealander
465,greene,NULL,NULL,Greene,1938-01-05,British
466,walter,NULL,NULL,Walter,1927-07-28,Swiss
467,prinoth,NULL,NULL,Prinoth,1923-04-15,Italian
468,penske,NULL,NULL,Penske,1937-02-20,American
469,schroeder,NULL,NULL,Schroeder,1926-05-11,British
470,mayer,NULL,NULL,Mayer,1938-02-22,American
471,johnstone,NULL,NULL,Johnstone,1937-01-30,South African
472,harris,NULL,NULL,Harris,1939-05-25,South African
473,hocking,NULL,NULL,Hocking,1937-09-30,Rhodesian
474,vyver,NULL,NULL,van der Vyver,1920-06-01,South African
475,moss,NULL,NULL,Moss,1929-09-17,British
476,trips,NULL,NULL,von Trips,1928-05-04,German
477,allison,NULL,NULL,Allison,1932-02-08,British
478,herrmann,NULL,NULL,Herrmann,1928-02-23,German
479,brooks,NULL,NULL,Brooks,1932-02-25,British
480,may,NULL,NULL,May,1934-08-18,Swiss
481,henry_taylor,NULL,NULL,Taylor,1932-12-16,British
482,gendebien,NULL,NULL,Gendebien,1924-01-12,Belgian
483,scarlatti,NULL,NULL,Scarlatti,1921-10-02,Italian
484,naylor,NULL,NULL,Naylor,1923-03-24,British
485,bordeu,NULL,NULL,Bordeu,1934-01-28,Argentine
486,fairman,NULL,NULL,Fairman,1913-03-15,British
487,natili,NULL,NULL,Natili,1935-07-28,Italian
488,monteverdi,NULL,NULL,Monteverdi,1934-06-07,Swiss
489,pirocchi,NULL,NULL,Pirocchi,1933-03-26,Italian
490,duke,NULL,NULL,Duke,1923-03-29,British
491,thiele,NULL,NULL,Thiele,1920-04-05,American-Italian
492,boffa,NULL,NULL,Boffa,1930-01-04,Italian
493,ryan,NULL,NULL,Ryan,1940-06-10,Canadian
494,ruby,NULL,NULL,Ruby,1928-01-12,American
495,ken_miles,NULL,NULL,Miles,1918-11-01,British
496,menditeguy,NULL,NULL,Menditeguy,1914-08-10,Argentine
497,larreta,NULL,NULL,Larreta,1934-01-14,Argentine
498,gonzalez,NULL,NULL,Gonzalez,1922-10-05,Argentine
499,bonomi,NULL,NULL,Bonomi,1919-09-30,Argentine
500,munaron,NULL,NULL,Munaron,1928-04-02,Italian
501,schell,NULL,NULL,Schell,1921-06-29,American
502,stacey,NULL,NULL,Stacey,1933-08-29,British
503,chimeri,NULL,NULL,Chimeri,1921-06-04,Venezuelan
504,creus,NULL,NULL,Creus,1924-10-28,Spanish
505,bristow,NULL,NULL,Bristow,1937-12-02,British
506,halford,NULL,NULL,Halford,1931-05-18,British
507,daigh,NULL,NULL,Daigh,1923-11-29,American
508,reventlow,NULL,NULL,Reventlow,1936-02-24,American
509,rathmann,NULL,NULL,Rathmann,1928-07-16,American
510,goldsmith,NULL,NULL,Goldsmith,1925-10-02,American
511,branson,NULL,NULL,Branson,1920-06-02,American
512,thomson,NULL,NULL,Thomson,1922-04-09,American
513,johnson,NULL,NULL,Johnson,1919-02-10,American
514,veith,NULL,NULL,Veith,1926-11-01,American
515,tingelstad,NULL,NULL,Tingelstad,1928-04-04,American
516,christie,NULL,NULL,Christie,1924-04-04,American
517,amick,NULL,NULL,Amick,1929-01-19,American
518,darter,NULL,NULL,Carter,1913-05-05,American
519,homeier,NULL,NULL,Homeier,1918-08-31,American
520,hartley,NULL,NULL,Hartley,1926-01-28,American
521,stevenson,NULL,NULL,Stevenson,1919-10-15,American
522,grim,NULL,NULL,Grim,1924-09-04,American
523,templeman,NULL,NULL,Templeman,1919-08-12,American
524,hurtubise,NULL,NULL,Hurtubise,1932-12-05,American
525,bryan,NULL,NULL,Bryan,1926-01-28,American
526,ruttman,NULL,NULL,Ruttman,1930-03-11,American
527,sachs,NULL,NULL,Sachs,1927-05-28,American
528,freeland,NULL,NULL,Freeland,1925-03-25,American
529,bettenhausen,NULL,NULL,Bettenhausen,1916-09-12,American
530,weiler,NULL,NULL,Weiler,1934-12-09,American
531,foyt,NULL,NULL,Foyt,1935-01-16,American
532,russo,NULL,NULL,Russo,1925-11-19,American
533,boyd,NULL,NULL,Boyd,1926-08-19,American
534,force,NULL,NULL,Force,1916-06-15,American
535,mcwithey,NULL,NULL,McWithey,1927-07-04,American
536,sutton,NULL,NULL,Sutton,1925-08-09,American
537,dick_rathmann,NULL,NULL,Rathmann,1924-01-06,American
538,herman,NULL,NULL,Herman,1927-03-15,American
539,dempsey_wilson,NULL,NULL,Wilson,1927-03-11,American
540,mike_taylor,NULL,NULL,Taylor,1934-04-24,British
541,flockhart,NULL,NULL,Flockhart,1923-06-16,British
542,piper,NULL,NULL,Piper,1930-12-02,British
543,cabianca,NULL,NULL,Cabianca,1923-02-19,Italian
544,drogo,NULL,NULL,Drogo,1926-08-08,Italian
545,gamble,NULL,NULL,Gamble,1932-03-17,American
546,owen,NULL,NULL,Owen,1915-03-23,British
547,gould,NULL,NULL,Gould,1918-09-20,British
548,drake,NULL,NULL,Drake,1919-12-14,American
549,bueb,NULL,NULL,Bueb,1923-06-06,British
550,Changy,NULL,NULL,de Changy,1922-02-05,Belgian
551,filippis,NULL,NULL,de Filippis,1926-11-11,Italian
552,lucienbonnet,NULL,NULL,Lucienbonnet,1923-01-07,French
553,testut,NULL,NULL,Testut,1926-04-13,Monegasque
554,behra,NULL,NULL,Behra,1921-02-16,French
555,paul_russo,NULL,NULL,Russo,1914-04-10,American
556,daywalt,NULL,NULL,Daywalt,1924-08-28,American
557,arnold,NULL,NULL,Arnold,1926-05-30,American
558,keller,NULL,NULL,Keller,1920-04-11,American
559,flaherty,NULL,NULL,Flaherty,1926-01-06,American
560,cheesbourg,NULL,NULL,Cheesbourg,1927-06-12,American
561,ray_crawford,NULL,NULL,Crawford,1915-10-26,American
562,turner,NULL,NULL,Turner,1920-02-12,American
563,weyant,NULL,NULL,Weyant,1923-04-03,American
564,larson,NULL,NULL,Larson,1923-01-21,American
565,magill,NULL,NULL,Magill,1920-02-08,American
566,shelby,NULL,NULL,Shelby,1923-01-11,American
567,orey,NULL,NULL,d'Orey,1938-03-25,Brazilian
568,fontes,NULL,NULL,Fontes,1922-12-26,Uruguayan
569,ashdown,NULL,NULL,Ashdown,1934-10-16,British
570,bill_moss,NULL,NULL,Moss,1933-09-04,British
571,dennis_taylor,NULL,NULL,Taylor,1921-06-12,British
572,blanchard,NULL,NULL,Blanchard,1929-06-13,American
573,tomaso,NULL,NULL,de Tomaso,1928-07-10,Argentine-Italian
574,constantine,NULL,NULL,Constantine,1918-02-22,American
575,said,NULL,NULL,Said,1932-05-05,American
576,cade,NULL,NULL,Cade,1916-06-12,American
577,musso,NULL,NULL,Musso,1924-07-28,Italian
578,hawthorn,NULL,NULL,Hawthorn,1929-04-10,British
579,fangio,NULL,NULL,Fangio,2011-06-24,Argentine
580,godia,NULL,NULL,Godia,1921-03-21,Spanish
581,collins,NULL,NULL,Collins,1931-11-06,British
582,kavanagh,NULL,NULL,Kavanagh,1923-12-12,Australian
583,gerini,NULL,NULL,Gerini,1928-08-10,Italian
584,kessler,NULL,NULL,Kessler,1936-03-23,American
585,emery,NULL,NULL,Emery,1916-11-12,British
586,piotti,NULL,NULL,Piotti,1913-10-27,Italian
587,ecclestone,NULL,NULL,Ecclestone,1930-10-28,British
588,taramazzo,NULL,NULL,Taramazzo,1932-05-05,Italian
589,chiron,NULL,NULL,Chiron,NULL,Monegasque
590,lewis_evans,NULL,NULL,Lewis-Evans,1930-04-20,British
591,george_amick,NULL,NULL,Amick,1924-10-24,American
592,reece,NULL,NULL,Reece,1929-11-17,American
593,parsons,NULL,NULL,Parsons,1918-07-04,American
594,tolan,NULL,NULL,Tolan,1917-10-22,American
595,garrett,NULL,NULL,Garrett,1933-04-24,American
596,elisian,NULL,NULL,Elisian,1926-12-09,American
597,connor,NULL,NULL,O'Connor,1928-10-09,American
598,jerry_unser,NULL,NULL,Unser,1932-11-15,American
599,bisch,NULL,NULL,Bisch,1926-11-10,American
600,goethals,NULL,NULL,Goethals,1928-08-04,Belgian
601,gibson,NULL,NULL,Gibson,1918-04-16,British
602,la_caze,NULL,NULL,La Caze,1917-02-26,French
603,guelfi,NULL,NULL,Guelfi,1919-05-06,French
604,picard,NULL,NULL,Picard,1921-04-26,French
605,bridger,NULL,NULL,Bridger,1934-06-24,British
606,portago,NULL,NULL,de Portago,1928-10-11,Spanish
607,perdisa,NULL,NULL,Perdisa,1932-10-21,Italian
608,castellotti,NULL,NULL,Castellotti,1930-10-10,Italian
609,simon,NULL,NULL,Simon,1920-01-05,French
610,leston,NULL,NULL,Leston,1920-12-16,British
611,hanks,NULL,NULL,Hanks,1914-07-13,American
612,linden,NULL,NULL,Linden,1922-04-05,American
613,teague,NULL,NULL,Teague,1921-02-22,American
614,edmunds,NULL,NULL,Edmunds,1930-09-23,American
615,agabashian,NULL,NULL,Agabashian,1913-08-21,American
616,george,NULL,NULL,George,1928-07-15,American
617,macdowel,NULL,NULL,MacDowel,1932-09-13,British
618,mackay_fraser,NULL,NULL,MacKay-Fraser,1927-06-23,American
619,gerard,NULL,NULL,Gerard,1914-01-19,British
620,maglioli,NULL,NULL,Maglioli,1928-06-05,Italian
621,england,NULL,NULL,England,1929-03-28,Australian
622,landi,NULL,NULL,Landi,1907-07-14,Brazilian
623,uria,NULL,NULL,Uria,1924-07-11,Uruguayan
624,ramos,NULL,NULL,da Silva Ramos,1925-12-07,Brazilian
625,bayol,NULL,NULL,Bayol,1914-02-28,French
626,manzon,NULL,NULL,Manzon,1917-04-12,French
627,rosier,NULL,NULL,Rosier,1905-11-05,French
628,sweikert,NULL,NULL,Sweikert,1926-05-20,American
629,griffith,NULL,NULL,Griffith,1916-02-06,American
630,dinsmore,NULL,NULL,Dinsmore,1913-04-10,American
631,andrews,NULL,NULL,Andrews,1920-06-15,American
632,frere,NULL,NULL,Frere,1917-01-30,Belgian
633,villoresi,NULL,NULL,Villoresi,1909-05-16,Italian
634,scotti,NULL,NULL,Scotti,1909-11-11,Italian
635,chapman,NULL,NULL,Chapman,1928-05-19,British
636,titterington,NULL,NULL,Titterington,1928-05-01,British
637,scott_Brown,NULL,NULL,Scott Brown,1927-05-13,British
638,volonterio,NULL,NULL,Volonterio,1917-12-07,Swiss
639,milhoux,NULL,NULL,Milhoux,1928-12-09,Belgian
640,graffenried,NULL,NULL,de Graffenried,1914-05-18,Swiss
641,taruffi,NULL,NULL,Taruffi,1906-10-12,Italian
642,farina,NULL,NULL,Farina,1906-10-30,Italian
643,mieres,NULL,NULL,Mieres,1924-12-03,Argentine
644,mantovani,NULL,NULL,Mantovani,1929-05-22,Italian
645,bucci,NULL,NULL,Bucci,1920-09-04,Argentine
646,iglesias,NULL,NULL,Iglesias,1922-02-22,Argentine
647,ascari,NULL,NULL,Ascari,1918-07-13,Italian
648,kling,NULL,NULL,Kling,1910-09-16,German
649,birger,NULL,NULL,Birger,1924-01-07,Argentine
650,pollet,NULL,NULL,Pollet,1922-07-02,French
651,macklin,NULL,NULL,Macklin,1919-09-02,British
652,whiteaway,NULL,NULL,Whiteaway,1928-11-01,British
653,davies,NULL,NULL,Davies,1929-08-08,American
654,faulkner,NULL,NULL,Faulkner,1920-02-16,American
655,niday,NULL,NULL,Niday,1914-04-29,American
656,cross,NULL,NULL,Cross,1918-01-24,American
657,vukovich,NULL,NULL,Vukovich,1918-12-13,American
658,mcgrath,NULL,NULL,McGrath,1919-10-08,American
659,hoyt,NULL,NULL,Hoyt,1929-01-29,American
660,claes,NULL,NULL,Claes,1916-08-11,Belgian
661,peter_walker,NULL,NULL,Walker,2012-10-07,British
662,sparken,NULL,NULL,Sparken,1930-06-16,French
663,wharton,NULL,NULL,Wharton,1916-03-21,British
664,mcalpine,NULL,NULL,McAlpine,1920-09-21,British
665,marr,NULL,NULL,Marr,1922-08-14,British
666,rolt,NULL,NULL,Rolt,1918-10-16,British
667,fitch,NULL,NULL,Fitch,1917-08-04,American
668,lucas,NULL,NULL,Lucas,1917-04-25,French
669,bira,NULL,NULL,Bira,1914-07-15,Thai
670,marimon,NULL,NULL,Marimon,1923-12-19,Argentine
671,loyer,NULL,NULL,Loyer,1907-08-05,French
672,daponte,NULL,NULL,Daponte,1923-06-05,Argentine
673,nazaruk,NULL,NULL,Nazaruk,1921-10-02,American
674,crockett,NULL,NULL,Crockett,1926-10-23,American
675,ayulo,NULL,NULL,Ayulo,1921-10-20,American
676,armi,NULL,NULL,Armi,1918-10-12,American
677,webb,NULL,NULL,Webb,1910-10-08,American
678,duncan,NULL,NULL,Duncan,2011-07-25,American
679,mccoy,NULL,NULL,McCoy,1921-02-19,American
680,swaters,NULL,NULL,Swaters,1926-10-30,American
681,georges_berger,NULL,NULL,Berger,1918-09-14,Belgian
682,beauman,NULL,NULL,Beauman,1928-07-26,British
683,thorne,NULL,NULL,Thorne,1916-06-23,British
684,whitehouse,NULL,NULL,Whitehouse,1909-04-01,British
685,riseley_prichard,NULL,NULL,Riseley-Prichard,1924-01-17,British
686,reg_parnell,NULL,NULL,Parnell,2011-07-02,British
687,whitehead,NULL,NULL,Whitehead,1914-11-12,British
688,brandon,NULL,NULL,Brandon,1920-07-18,British
689,alan_brown,NULL,NULL,Brown,1919-11-20,British
690,nuckey,NULL,NULL,Nuckey,1929-06-26,British
691,lang,NULL,NULL,Lang,1909-04-06,German
692,helfrich,NULL,NULL,Helfrich,1913-05-13,German
693,wacker,NULL,NULL,Wacker,1918-07-10,American
694,riu,NULL,NULL,de Riu,1925-03-10,Italian
695,galvez,NULL,NULL,Galvez,1913-08-17,Argentine
696,john_barber,NULL,NULL,Barber,1929-07-22,British
697,bonetto,NULL,NULL,Bonetto,1903-06-09,Italian
698,cruz,NULL,NULL,Cruz,1923-06-28,Argentine
699,nalon,NULL,NULL,Nalon,1913-03-02,American
700,scarborough,NULL,NULL,Scarborough,1914-07-03,American
701,holland,NULL,NULL,Holland,1907-12-18,American
702,bob_scott,NULL,NULL,Scott,1928-10-04,American
703,legat,NULL,NULL,Legat,1898-11-01,Belgian
704,cabantous,NULL,NULL,Cabantous,1904-10-08,French
705,crook,NULL,NULL,Crook,1920-02-16,British
706,jimmy_stewart,NULL,NULL,Stewart,1931-03-06,British
707,ian_stewart,NULL,NULL,Stewart,1929-07-15,British
708,duncan_hamilton,NULL,NULL,Hamilton,1920-04-30,British
709,klodwig,NULL,NULL,Klodwig,1903-05-23,East German
710,krause,NULL,NULL,Krause,1907-03-30,East German
711,karch,NULL,NULL,Karch,1917-03-06,German
712,heeks,NULL,NULL,Heeks,1922-02-13,German
713,fitzau,NULL,NULL,Fitzau,1923-02-10,East German
714,adolff,NULL,NULL,Adolff,1921-11-05,German
715,bechem,NULL,NULL,Bechem,1921-12-21,German
716,bauer,NULL,NULL,Bauer,2012-07-17,German
717,hans_stuck,NULL,NULL,von Stuck,2000-12-27,German
718,loof,NULL,NULL,Loof,1907-07-04,German
719,scherrer,NULL,NULL,Scherrer,1908-02-28,Swiss
720,terra,NULL,NULL,de Terra,1918-10-06,Swiss
721,hirt,NULL,NULL,Hirt,1910-03-30,Swiss
722,carini,NULL,NULL,Carini,1921-03-06,Italian
723,fischer,NULL,NULL,Fischer,2012-04-19,Swiss
724,ulmen,NULL,NULL,Ulmen,1906-01-25,German
725,abecassis,NULL,NULL,Abecassis,1913-03-21,British
726,george_connor,NULL,NULL,Connor,1906-08-16,American
727,rigsby,NULL,NULL,Rigsby,1923-06-06,American
728,james,NULL,NULL,James,1925-05-23,American
729,schindler,NULL,NULL,Schindler,1909-03-06,American
730,fonder,NULL,NULL,Fonder,1917-06-22,American
731,banks,NULL,NULL,Banks,1913-06-14,American
732,mcdowell,NULL,NULL,McDowell,1915-01-29,American
733,miller,NULL,NULL,Miller,2002-07-19,American
734,ball,NULL,NULL,Ball,1925-08-26,American
735,tornaco,NULL,NULL,de Tornaco,1927-06-07,Belgian
736,laurent,NULL,NULL,Laurent,1913-02-21,Belgian
737,obrien,NULL,NULL,O'Brien,1908-04-11,American
738,gaze,NULL,NULL,Gaze,1920-02-03,Australian
739,charrington,NULL,NULL,Montgomerie-Charrington,1915-06-23,British
740,comotti,NULL,NULL,Comotti,1906-07-24,Italian
741,etancelin,NULL,NULL,Etancelin,1896-12-28,French
742,poore,NULL,NULL,Poore,1916-08-19,British
743,thompson,NULL,NULL,Thompson,1919-11-04,British
744,downing,NULL,NULL,Downing,1917-12-05,British
745,graham_whitehead,NULL,NULL,Whitehead,1922-04-15,British
746,bianco,NULL,NULL,Bianco,1916-07-22,Brazilian
747,murray,NULL,NULL,Murray,1909-12-28,British
748,cantoni,NULL,NULL,Cantoni,1906-10-04,Uruguayan
749,aston,NULL,NULL,Aston,2000-03-29,British
750,brudes,NULL,NULL,Brudes,1899-10-15,German
751,riess,NULL,NULL,Riess,1922-07-11,German
752,niedermayr,NULL,NULL,Niedermayr,1915-11-29,German
753,klenk,NULL,NULL,Klenk,1919-10-28,German
754,balsa,NULL,NULL,Balsa,1909-01-01,French
755,schoeller,NULL,NULL,Schoeller,2002-04-27,Swiss
756,pietsch,NULL,NULL,Pietsch,2011-06-20,German
757,peters,NULL,NULL,Peters,1914-09-16,German
758,lof,NULL,NULL,van der Lof,1919-08-23,Dutch
759,flinterman,NULL,NULL,Flinterman,1919-10-02,Dutch
760,dusio,NULL,NULL,Dusio,1899-10-13,Italian
761,crespo,NULL,NULL,Crespo,1920-01-16,Argentine
762,rol,NULL,NULL,Rol,1908-06-05,Italian
763,sanesi,NULL,NULL,Sanesi,2011-03-28,Italian
764,guy_mairesse,NULL,NULL,Mairesse,1910-08-10,French
765,louveau,NULL,NULL,Louveau,1910-01-25,French
766,wallard,NULL,NULL,Wallard,1910-09-07,American
767,forberg,NULL,NULL,Forberg,2011-03-04,American
768,rose,NULL,NULL,Rose,1906-05-26,American
769,mackey,NULL,NULL,Mackey,1927-12-15,American
770,green,NULL,NULL,Green,1919-09-30,American
771,walt_brown,NULL,NULL,Brown,2011-12-30,American
772,hellings,NULL,NULL,Hellings,1915-09-14,American
773,levegh,NULL,NULL,Levegh,1905-12-22,French
774,chaboud,NULL,NULL,Chaboud,1907-04-12,French
775,gordini,NULL,NULL,Gordini,1921-05-20,French
776,kelly,NULL,NULL,Kelly,1913-03-13,Irish
777,parker,NULL,NULL,Fotheringham-Parker,1907-09-22,British
778,shawe_taylor,NULL,NULL,Shawe Taylor,1915-01-28,British
779,john_james,NULL,NULL,James,1914-05-10,British
780,branca,NULL,NULL,Branca,1916-09-15,Swiss
781,richardson,NULL,NULL,Richardson,2011-08-21,British
782,jover,NULL,NULL,Jover,1903-11-23,Spanish
783,grignard,NULL,NULL,Grignard,1905-07-25,French
784,hampshire,NULL,NULL,Hampshire,1917-12-29,British
785,crossley,NULL,NULL,Crossley,1921-05-11,British
786,fagioli,NULL,NULL,Fagioli,NULL,Italian
787,harrison,NULL,NULL,Harrison,1906-07-06,British
788,fry,NULL,NULL,Fry,1915-10-26,British
789,martin,NULL,NULL,Martin,1915-03-24,French
790,leslie_johnson,NULL,NULL,Johnson,2012-03-22,British
791,biondetti,NULL,NULL,Biondetti,NULL,Italian
792,pian,NULL,NULL,Pian,2012-10-21,Argentine
793,sommer,NULL,NULL,Sommer,1906-08-31,French
794,chitwood,NULL,NULL,Chitwood,2012-04-14,American
795,fohr,NULL,NULL,Fohr,2012-06-17,American
796,ader,NULL,NULL,Ader,1913-12-15,American
797,holmes,NULL,NULL,Holmes,1920-09-04,American
798,levrett,NULL,NULL,Levrett,1914-02-14,American
799,jackson,NULL,NULL,Jackson,1910-07-25,American
800,pagani,NULL,NULL,Pagani,2011-10-11,Italian
801,pozzi,NULL,NULL,Pozzi,1909-08-27,French
802,serafini,NULL,NULL,Serafini,1909-07-22,Italian
803,cantrell,NULL,NULL,Cantrell,1908-01-31,American
804,mantz,NULL,NULL,Mantz,1918-09-18,American
805,kladis,NULL,NULL,Kladis,1917-02-10,American
806,oscar_gonzalez,NULL,NULL,Gonzalez,1923-11-10,Uruguayan
807,hulkenberg,27,HUL,Hulkenberg,1987-08-19,German
808,petrov,NULL,PET,Petrov,1984-09-08,Russian
810,grassi,NULL,DIG,di Grassi,1984-08-11,Brazilian
811,bruno_senna,NULL,SEN,Senna,1983-10-15,Brazilian
812,chandhok,NULL,CHA,Chandhok,1984-01-19,Indian
813,maldonado,13,MAL,Maldonado,1985-03-09,Venezuelan
814,resta,NULL,DIR,di Resta,1986-04-16,British
815,perez,11,PER,Perez,1990-01-26,Mexican
816,ambrosio,NULL,DAM,d'Ambrosio,1985-12-27,Belgian
817,ricciardo,3,RIC,Ricciardo,1989-07-01,Australian
818,vergne,25,VER,Vergne,1990-04-25,French
819,pic,NULL,PIC,Pic,1990-02-15,French
820,chilton,4,CHI,Chilton,1991-04-21,British
821,gutierrez,21,GUT,Gutierrez,1991-08-05,Mexican
822,bottas,77,BOT,Bottas,1989-08-28,Finnish
823,garde,NULL,VDG,van der Garde,1985-04-25,Dutch
824,jules_bianchi,17,BIA,Bianchi,1989-08-03,French
825,kevin_magnussen,20,MAG,Magnussen,1992-10-05,Danish
826,kvyat,26,KVY,Kvyat,1994-04-26,Russian
827,lotterer,45,LOT,Lotterer,1981-11-19,German
828,ericsson,9,ERI,Ericsson,1990-09-02,Swedish
829,stevens,28,STE,Stevens,1991-06-28,British
830,max_verstappen,33,VER,Verstappen,1997-09-30,Dutch
831,nasr,12,NAS,Nasr,1992-08-21,Brazilian
832,sainz,55,SAI,Sainz,1994-09-01,Spanish
833,merhi,98,MER,Merhi,1991-03-22,Spanish
834,rossi,53,RSS,Rossi,1991-09-25,American
835,jolyon_palmer,30,PAL,Palmer,1991-01-20,British
836,wehrlein,94,WEH,Wehrlein,1994-10-18,German
837,haryanto,88,HAR,Haryanto,1993-01-22,Indonesian
838,vandoorne,2,VAN,Vandoorne,1992-03-26,Belgian
839,ocon,31,OCO,Ocon,1996-09-17,French
840,stroll,18,STR,Stroll,1998-10-29,Canadian
841,giovinazzi,99,GIO,Giovinazzi,1993-12-14,Italian
843,brendon_hartley,28,HAR,Hartley,1989-11-10,New Zealander
844,leclerc,16,LEC,Leclerc,1997-10-16,Monegasque
845,sirotkin,35,SIR,Sirotkin,1995-08-27,Russian
846,norris,4,NOR,Norris,1999-11-13,British
847,russell,63,RUS,Russell,1998-02-15,British
848,albon,23,ALB,Albon,1996-03-23,Thai
849,latifi,6,LAT,Latifi,1995-06-29,Canadian
850,pietro_fittipaldi,51,FIT,Fittipaldi,1996-06-25,Brazilian
851,aitken,89,AIT,Aitken,1995-09-23,British
852,tsunoda,22,TSU,Tsunoda,2000-05-11,Japanese
853,mazepin,9,MAZ,Mazepin,1999-03-02,Russian
854,mick_schumacher,47,MSC,Schumacher,1999-03-22,German
855,zhou,24,ZHO,Zhou,1999-05-30,Chinese